,MIMAT0004494,MIMAT0000450,MIMAT0002171,MIMAT0000280,MIMAT0019880,MIMAT0002807,MIMAT0000318,MIMAT0000073,MIMAT0000099,MIMAT0003218,MIMAT0000254,MIMAT0000689,MIMAT0015066,MIMAT0014995,ML_tags
TCGA.CJ.4888.01,2161.710952,7.6082301,0.8453571,194.4398529,0.8453571,1.6907141,89.6108802,12.6808295,5845.051299,67.6304913,80891.76004,26089.95987,60.6918083,5.9176489,2
TCGA.B0.5080.01,2885.364858,37.3712119,7.3918576,101.8483929,2.4640165,2.0534068,34.4970132,9.8562415,4960.19902,73.5093253,138682.7662,46632.64765,0.8213397,1.2320671,2
TCGA.CJ.5680.01,680.6223775,58.2408595,2.9613715,125.3648309,0.4936064,1.4807553,208.7794595,10.8583647,11711.68849,20.7299828,145408.2972,54098.67268,0.4936064,8.8840935,2
TCGA.CZ.5464.01,1203.498359,21.6479543,1.5244649,126.5382409,0.9146852,1.5245041,82.324436,34.7585874,8263.77829,63.1156615,147276.5466,47125.18091,0.3048645,3.0490964,2
TCGA.CJ.4875.01,481.7089516,2.69217599,1.99426104,43.77499973,1.3958794,0.19938474,129.7273268,6.58102089,14637.63421,33.80290366,218216.0707,23832.25656,0.69795002,5.28448578,2
TCGA.CW.5585.01,361.1807342,7.9842846,2.1011409,60.7213567,0.4201559,6.3032456,126.69788,15.54813,26327.31177,15.9683344,275715.9041,81255.2377,3.7817957,4.6224542,2
TCGA.B4.5377.01,2008.472047,4.7369392,0.8880966,60.0986579,2.3683715,1.1842156,269.4092252,21.6120758,17382.34532,61.2842757,196409.0545,46189.41817,1.4801582,5.9212869,2
TCGA.CJ.5681.01,891.2828195,55.5339838,1.6333513,126.8558073,1.0889146,13.0664963,68.0570428,11.9782419,12933.0781,9.2558348,103723.1234,66612.80459,2.7222091,4.3557923,2
TCGA.B0.4712.01,2144.144804,20.4166558,3.2480478,121.1054819,0.4639842,0.9279684,112.7548512,22.7363322,6622.491754,92.8032768,85450.21494,35883.60977,0.9279932,0.4639842,2
TCGA.CZ.5468.01,4028.91364,29.6431489,0.8718956,135.5744297,1.7437154,1.3078401,97.2140745,19.616964,4625.2474,81.5182703,86409.88298,26855.09777,6.1030673,0.871889,2
TCGA.B0.4700.01,2771.173302,10.2069636,2.0413547,269.9819463,1.0207358,3.0620275,66.3454648,23.986925,6080.723119,52.0558401,94650.10802,33950.18069,0.5103679,1.5309868,2
TCGA.G6.A5PC.01,943.1217735,17.9268249,3.5113452,123.084718,0.7392918,0.5544895,344.1222511,13.6762654,22283.52565,56.3692046,69106.89737,16029.61452,0.5544895,3.5115693,2
TCGA.CW.6087.01,2675.949925,8.0430392,2.93644718,459.407393,3.19173994,0.4468346,354.9746437,10.85182195,10343.05016,103.4092017,32972.79205,12495.13946,0.19148874,3.83000098,2
TCGA.CZ.5462.01,2625.527865,2.1901629,1.4601087,239.2131872,1.2167447,2.4334849,106.3433143,18.7376574,8706.779494,45.2638253,98046.07315,21458.83323,0.243322,4.380257,2
TCGA.CJ.6028.01,2268.463061,8.5110646,1.9641058,206.2269318,0.6547348,1.3094696,118.4975539,24.2237204,11296.70696,73.9798821,128875.1456,41770.81866,3.9281425,5.8923693,2
TCGA.CZ.5455.01,1026.705409,3.0755807,1.2815274,98.1624926,0.7688845,5.3821722,179.1501664,9.4827751,12501.47987,76.6307094,160180.0491,38859.2477,0.2563165,5.895013,2
TCGA.B0.4836.01,1820.355577,7.5022619,2.2065013,76.1262476,0.8825654,0.8826692,118.0491517,17.4315662,6819.416821,92.6743114,135107.5425,32899.5334,0.4413293,2.8684253,2
TCGA.CJ.5678.01,996.5913619,2.8152072,20.6616837,118.7093133,0.4691686,3.2842504,65.2195539,8.4453587,11778.99268,32.843794,168720.318,39315.80201,3.7536525,2.3459132,2
TCGA.CJ.5677.01,2983.949641,12.239699,5.7118013,210.5203455,2.4478571,0.8159192,275.7938104,17.1353725,6246.080405,63.6432092,77581.67479,39374.67433,0.8159192,9.7915362,2
TCGA.CZ.5460.01,1165.098533,2.8497421,1.8998692,120.1709655,0.9499694,0.9498998,89.769702,19.4739647,15551.43502,48.9219638,209246.6968,47932.49528,0.4749847,4.2747401,2
TCGA.CW.5590.01,1802.340473,6.2674059,1.0445736,54.8389171,0.5222444,2.0891287,87.2203205,33.4256092,11915.44898,73.6423571,184001.7465,52110.02596,0.5222444,3.1336035,2
TCGA.CZ.5454.01,1390.133025,18.6347014,1.6564477,103.1118229,0.8281697,3.3128478,190.0720656,28.9871998,20312.03749,138.3083682,161781.2807,41805.41557,2.4846717,3.3128341,2
TCGA.CJ.4890.01,2697.284286,5.3806679,5.111568,207.6913465,4.3044601,1.6141088,102.7718181,40.3543544,8869.264987,50.0398294,196536.5165,28112.77044,1.614184,4.5734251,2
TCGA.CJ.4895.01,2359.138,6.3448254,1.3879586,138.2000028,0.5948271,1.1897324,128.8781582,31.7236586,13965.96462,66.6199225,137795.5664,26253.65074,0.9914725,6.1466095,2
TCGA.CW.5591.01,1873.812812,20.5683987,3.085181,52.9637418,0.5142464,1.0284813,60.1625938,8.7417155,7654.437593,57.0768912,221853.9618,65969.07744,2.5711779,17.4837781,2
TCGA.BP.4771.01,1282.875364,2.8153229,67.1207894,165.6338028,65.5671777,61.2389757,99.0050965,15.0148332,9846.347946,69.4456018,108850.0157,24417.77208,0.9385409,4.2230771,2
TCGA.BP.4787.01,1871.474129,4.7337413,3.8981564,244.4743742,1.3922054,1.6706411,154.5413578,23.1108425,7600.439488,68.2179781,224346.4818,30628.31286,0.2784538,3.898364,2
TCGA.B2.5639.01,1107.378045,3.6502602,0.9125534,218.0997265,0.4562923,9.1255186,198.0256279,14.1446553,11032.94831,49.7339133,135335.2387,56908.22788,4.106512,6.3880826,2
TCGA.B0.5712.01,742.9278786,2.2195445,1.5854224,60.5626974,0.6340815,1.9024632,178.8344661,19.9760974,11462.69003,53.5879668,103625.7171,36610.79968,0.3170408,4.1219885,2
TCGA.CJ.6033.01,1735.892775,11.3213747,3.7736738,299.7448703,1.0782278,2.6955576,269.0134204,23.181446,9266.130164,98.117894,115527.4921,34212.26967,1.0782278,2.6955654,2
TCGA.CJ.4887.01,1327.529944,4.7502463,0.6334248,150.1080175,0.950035,2.2167703,287.2294611,17.7338563,12797.23808,43.7017219,118958.3425,24070.77546,2.5334788,2.8500928,2
TCGA.CJ.4900.01,1244.502902,7.7635217,4.3129016,254.1830208,2.0126716,0.5750526,204.7304505,8.051,23741.68585,56.3576829,44222.2784,12019.73606,0.5750492,11.2139903,2
TCGA.CZ.4860.01,2810.316046,20.4278057,6.3629594,47.2175317,1.3394257,1.6742964,90.083596,45.8789356,5393.791942,33.8233552,107288.9737,20138.50876,2.3440378,18.7540863,2
TCGA.CZ.5987.01,1725.329139,18.0715166,1.1294783,189.7510881,1.1294783,1.1294783,310.6088069,21.4603194,8873.721441,92.6191827,154949.2163,37614.8715,0.5647151,5.6474453,2
TCGA.CZ.4863.01,914.8967728,0.359334,2.5154272,84.0859352,0.718668,2.8747612,168.5297012,10.7801614,9043.708803,21.9194119,180965.501,29821.90625,1.0780063,3.9528537,1
TCGA.B0.5700.01,2143.075539,4.7665561,2.4867913,71.2915459,0.6217372,3.5231104,82.6883833,11.1908977,14482.25228,100.9256215,250975.9277,46721.12221,2.6941279,6.8386923,1
TCGA.B0.5402.01,1168.971599,8.1895463,0.4310757,53.8796054,0.4310757,1.2932271,58.1876498,28.8789155,18062.96946,53.0175576,207159.1902,60460.33488,3.8793785,9.0514965,1
TCGA.CW.6093.01,1808.960109,7.460324,1.3165856,113.6624941,1.3165773,0.8777435,80.3088997,18.8710894,17585.85966,38.6191394,199672.929,48833.04991,1.3165773,6.5827414,1
TCGA.B2.5635.01,1097.903015,3.2879171,0.2989087,87.2819979,0.2989087,2.3912097,139.2924936,5.0814837,11771.6536,48.1246011,240753.4246,46702.999,0.2989087,4.4836201,1
TCGA.CJ.4878.01,561.2019297,3.4115634,0.4264212,72.0700007,1.7057356,1.4925061,256.0743951,20.6824601,19652.74375,29.4243341,359208.186,35874.60185,0.8527919,1.7056852,1
TCGA.BP.4994.01,326.7150148,3.7607497,1.4102787,178.1682132,445.5786953,1.4102782,578.2130945,7.9916805,10300.25333,31.0253311,220504.3398,31311.1034,0.9401709,0.9401928,1
TCGA.B0.5710.01,836.2021426,5.5509,3.5684349,76.920226,0.3964849,0.3964849,123.7053566,11.8947975,12380.75158,38.8552253,230132.3079,47887.58868,1.5859827,7.9299868,1
TCGA.A3.3387.01,1392.837401,2.811984817,2.811872858,86.70144291,1.405982489,1.171676576,86.46963821,5.623979601,10375.27482,50.61596107,129145.4001,38191.75531,0.703025456,1.874602504,1
TCGA.B8.5552.01,1640.889813,13.3879429,4.1194601,112.5927114,1.7163769,3.089571,124.2694121,20.5964483,14197.64415,95.4312133,136851.2511,32350.77255,1.5447744,5.3207074,1
TCGA.BP.4804.01,988.2237062,5.1277636,9.3578808,235.3605814,1.5383085,1.5382599,165.1122329,7.5631208,10716.27245,43.0727266,124429.5947,12993.13273,0.2564036,1.4100384,1
TCGA.CW.5584.01,1180.547499,8.7880774,1.4646669,101.5490956,138.7416169,0.9764651,41.4987965,7.8116919,9257.705067,40.5220341,200027.1228,75949.57241,139.466692,11.229555,1
TCGA.CJ.5683.01,1635.153036,8.5626389,1.9760525,80.3565006,0.3293307,0.9879697,143.5907568,17.1254771,13840.9479,111.6434193,135884.2999,48359.67797,0.9879755,6.2574444,1
TCGA.CJ.4881.01,2394.776671,0.92879466,4.58593373,147.7364757,1.16094447,0.81269798,325.3029444,3.13471976,9144.012661,136.9410904,92938.5799,21732.6608,0.3483407,2.84449898,1
TCGA.B0.5701.11,620.5137663,14.6492972,6.975739,84.0594352,1.0464261,1.7439454,488.3069431,10.1149361,5395.109485,52.6680435,250854.4229,37980.45517,1.3952388,2.4415895,1
TCGA.B4.5838.01,1910.191601,14.237484,2.3729244,81.4681836,0.7909189,2.3727596,104.4061279,16.610016,9859.045915,44.2936105,131989.9134,43490.95317,45.4698681,7.1184257,1
TCGA.BP.4975.01,952.4420825,1.3689047,4.3803499,56.3960514,2.7377432,0.8213308,105.6751074,3.2853142,26936.51125,58.5865241,142875.9811,29857.3877,36.6738753,18.3429136,1
TCGA.A3.3317.01,1025.451128,4.8193014,2.1418957,38.4208535,1.472593,0.2677761,206.0226178,7.6306709,9913.293386,36.6806478,250685.2624,67488.23957,1.0709604,4.8193048,1
TCGA.BP.4807.01,2494.51411,7.0635579,1.2465031,128.1833953,1.0387714,4.5705234,189.2628539,28.6698199,8303.676996,61.0788699,244701.4986,37697.20632,2.0775014,5.19381,1
TCGA.BP.4961.01,778.0704671,1.57175,3.513667,67.3111797,0.7397183,0.8321283,99.3966098,6.8420601,18276.65259,30.0491027,171184.6804,27712.53239,0.0924748,6.2873542,1
TCGA.BP.4797.01,2675.559448,9.4898656,0.5272116,146.0336243,0.5272116,1.5816349,191.3777421,20.5612751,9948.041522,45.3402908,112715.085,30213.95025,0.5272116,5.2721842,1
TCGA.DV.5574.01,838.6891405,10.4835746,3.4946227,163.0773246,1.1647686,0.5823843,111.2413274,16.307997,6178.923396,44.8476358,155214.1736,39673.16201,0.5823843,4.6592074,1
TCGA.CZ.4858.01,1207.629084,35.275036,48.9705096,219.9450077,4.5648822,1.244994,4.9798822,83.0009951,3971.195972,148.9829204,146598.3987,83904.84123,9.5448887,4.1500984,1
TCGA.B0.4837.01,2504.849205,6.221692,2.2397893,103.7756309,1.2442937,2.7375051,57.239656,26.8774838,5479.282987,48.77808,231324.8459,40764.68752,0.9955066,3.2352872,1
TCGA.B8.5553.01,1714.139156,3.7094876,0.7419461,159.8792353,1.8548103,2.2256613,169.153421,17.8051604,13685.91837,58.6091396,174252.6116,57502.93972,0.7419461,6.3059926,1
TCGA.CJ.5672.01,1420.217178,9.7055711,0.5392206,121.31605,0.5392206,5.9311317,235.0827527,9.166497,10483.85778,47.4487419,175860.75,36623.07766,4.8527626,3.7743357,1
TCGA.B4.5844.01,402.0498413,1.8050094,1.8049985,82.5769557,1.8049043,3.1587604,113.2610502,21.6591888,22469.57751,24.3665391,245009.661,62668.07921,4.0612367,1.8049043,1
TCGA.CZ.5459.01,1267.544067,6.4792697,1.0230174,37.852291,2.728139,1.7050002,141.5178088,24.8938788,9173.912299,62.4039895,202797.5986,46133.26783,1.0230174,1.7051339,1
TCGA.CZ.5470.01,1096.217492,29.8271189,0.3351483,209.4607654,1.0054399,2.0109109,156.8473082,27.8164588,5838.139397,17.4264719,89560.82857,22914.05887,0.6702966,4.3567613,1
TCGA.CZ.4854.01,1006.665244,4.0092795,1.7819934,30.1450715,2.2273093,0.4453785,191.1112552,5.7913029,9998.744271,48.1120822,138797.972,18528.13483,0.1484595,8.0190697,1
TCGA.BP.4790.01,1606.946501,5.9737205,2.787793,123.8548055,1.1947421,3.5843087,76.4636961,13.9387505,12483.44502,60.9335963,190762.1419,34007.40394,0.3982284,5.1771796,1
TCGA.BP.5008.01,3197.886688,6.0327265,2.4507262,226.7922064,1.8852573,1.3197745,185.6969478,31.4845833,11275.59128,41.6651383,316473.2261,29631.45361,0.9426787,1.3196385,1
TCGA.B4.5836.01,571.701847,2.5694884,1.7985897,95.8426272,2.312483,2.0555635,172.9285122,12.8474348,11920.2456,53.7028741,183536.7354,39188.60466,1.027705,4.3681998,1
TCGA.DV.5567.01,917.345201,28.0610564,1.0549453,18.3556546,1.0549508,0.6329719,298.7545623,4.0087445,6692.407612,39.244055,380587.3129,53277.18345,0.4219788,5.485515,1
TCGA.B0.4706.01,344.8272391,7.6666807,0.5476723,72.2855299,0.182549,2.190476,67.3591089,27.3814047,9816.852953,41.2536294,279231.6877,49778.75023,0.3650981,3.4684544,1
TCGA.CZ.4866.01,1878.89422,14.1202987,1.2459098,85.1377703,2.0764888,2.0765348,209.3176958,9.1367341,9066.174951,38.2092988,81762.78952,58247.03244,2.9071626,0.830579,1
TCGA.BP.4969.01,401.1708725,4.5686662,7.4237078,65.101854,1.4276659,2.284461,101.368118,17.9889296,12164.16542,27.4115905,214517.0975,60876.57875,59.6785237,0.8566476,1
TCGA.AK.3458.01,646.5197323,11.2589098,1.3246282,128.7482538,0.662339,1.0598257,120.93559,22.7831342,18336.52555,48.0828341,230077.9053,45306.12668,0.3973709,2.9142327,1
TCGA.B8.5550.01,1833.767081,9.1667601,6.1111548,71.1500711,2.1826693,1.746073,52.8168999,10.9127207,8526.063244,60.6728271,154495.6491,44972.71253,2.1826693,4.3652173,1
TCGA.CJ.5676.01,1870.40072,5.8437722,2.5568373,77.0648594,0.365283,0.7305659,94.5959523,16.0705622,8966.502455,37.2549271,194809.1698,47087.62428,0.365283,3.2873114,1
TCGA.CZ.5463.01,870.0471574,1.9644949,0.1964831,33.1985316,1.5715288,1.5716024,153.6171198,23.965648,14299.96879,47.5396472,219588.0962,35863.93987,2.5537899,5.6970499,1
TCGA.CJ.5686.01,1791.197069,3.1603655,1.1851011,156.8358857,1.1850839,5.9256951,109.0354676,14.2219662,12078.37807,91.2578932,113495.2401,32415.31679,0.7900501,3.1604256,1
TCGA.BP.4759.01,1067.043047,1.6876022,0.5625474,56.8117151,0.1341635,0.5625474,74.2486427,18.0000084,14620.66743,28.6873266,228165.6684,45174.66019,0.5625474,7.3126445,1
TCGA.CZ.5466.01,2885.793284,12.7608417,2.0418103,133.9923706,1.5313419,0.7656576,256.5062528,20.1626685,12096.63398,66.357794,140794.2179,48604.22223,1.5313151,5.6151036,1
TCGA.B0.5701.01,1969.583129,13.870498,126.4332844,104.0301331,1.2609674,1.8913881,85.1128328,13.240091,8007.091386,61.155594,168161.696,88435.45407,1.2609674,3.7829476,1
TCGA.A3.3358.01,1504.293231,1.8715932,1.1229936,101.8119759,0.7486058,1.1229025,101.8106425,14.5979307,12749.92852,28.4478471,145818.9544,44349.91181,149.1788054,2.6200259,1
TCGA.B0.5699.01,583.0675688,6.4292452,0.2217084,87.1264724,0.4434168,3.5470559,144.9908687,17.0702209,18667.2507,29.4862117,199248.0662,56310.2777,1.9952029,3.7689763,1
TCGA.BP.4977.01,795.2681684,3.7454253,0.2497158,82.6465315,0.9988003,1.7479,108.3672319,31.710637,12039.76032,57.4285087,224357.7805,33846.44248,2.4969808,2.2472591,1
TCGA.BP.4967.01,1129.985957,5.6911368,1.6522192,58.1960592,0.9179964,1.1016317,150.3572939,31.9437286,7847.894779,40.5713396,334742.0425,30103.58523,1.1015785,4.0389303,1
TCGA.B4.5835.01,2496.943582,11.3757636,44.3956691,237.9376512,2.8438849,0.9480085,109.0163895,18.0114132,7598.977841,15.1673496,77044.38947,25805.98098,1.8960171,5.6878067,1
TCGA.DV.5565.01,2854.12334,8.1006929,3.8253858,116.7847989,0.2250155,1.3500702,132.9875077,15.0764814,17570.13334,47.2529435,262415.756,52041.62111,2.0251575,2.025136,1
TCGA.B0.4811.01,794.8129917,9.4332131,1.0781682,71.1555414,0.5390072,0.5390072,117.2454619,26.1440467,10180.13338,43.9329046,213317.3148,32587.50486,0.2695349,3.5039263,1
TCGA.CJ.5675.01,848.6032124,3.7370925,0.5338953,113.1829257,1.0678048,1.3346479,274.948432,9.609765,14937.8623,138.8072076,150769.9425,25705.98182,1.0676906,8.0081294,1
TCGA.CJ.6032.01,3531.439283,2.7168242,1.8112271,54.6383448,0.9055401,4.2260314,200.4369909,11.1687399,9634.348371,32.6003827,202836.4608,28375.12056,0.3018832,5.4333789,1
TCGA.CZ.5982.01,1229.002808,3.2496827,0.6499245,102.6874972,0.6499245,1.2997866,172.8775671,31.8466146,23333.38751,41.5946679,176823.4003,61743.1561,1.299849,3.8996072,1
TCGA.CJ.5679.01,2592.076244,16.7373848,5.8216683,39.2965408,0.7277566,2.1830283,94.6016318,8.0050454,10589.70066,176.8328285,90325.84586,42270.58061,2.1830283,125.063077,1
TCGA.BP.4989.01,1474.204699,5.7201351,0.5447785,198.2959276,2.1790595,1.089557,99.693862,37.3179986,7214.328983,30.7798332,191462.4914,20533.59538,1.0894863,3.2687095,1
TCGA.B2.5641.01,1766.642591,0.564932,0.564932,79.659219,1.694796,1.129921,153.668034,10.169209,9521.110439,61.016097,126902.4805,35317.26962,26.655209,9.039089,1
TCGA.B0.5705.01,515.5767585,2.1888929,1.0214633,50.2008294,0.729616,0.8755322,141.8442135,8.9018305,14971.60175,27.4350475,204921.1988,36645.04115,1.6051688,5.5454132,1
TCGA.B0.5697.01,1495.935827,2.7012005,76.5110131,118.8533474,1.0805757,3.2415056,229.6058058,7.0231716,8455.513256,51.8640815,178738.7249,34082.36262,1.0804563,5.4027228,1
TCGA.CW.5588.01,2474.414778,4.4816587,4.929868,85.1558123,1.792671,0.8963168,75.7445111,11.2046088,8814.387437,77.5375956,142890.5524,50407.79301,1.3444557,4.4819912,1
TCGA.BP.4959.01,2561.612572,2.9910559,1.709155,163.6542265,0.4273113,2.991196,317.4819124,26.065385,11379.52204,32.0479477,144367.7261,26814.36674,4.2728997,4.2730385,1
TCGA.BP.5001.01,1062.61905,5.5058412,0.5506153,72.6755634,1.284687,0.3670661,151.0405895,24.959435,12231.47594,18.3521223,333062.8618,57250.02836,4.4045514,5.3223678,1
TCGA.B0.5694.01,1225.067841,14.9632685,1.4116895,129.8726994,1.1293795,1.4117916,197.6323098,13.8343834,15082.60435,82.7223646,166113.6366,51772.7695,3.1056941,7.6229244,1
TCGA.BP.4971.01,1197.513866,12.77510601,2.77715503,74.42677502,1.11083096,1.66623027,171.0767613,18.88496344,9030.530534,52.76487996,77581.99385,29694.05062,6.66525,2.77715503,1
TCGA.B0.5696.01,556.7513037,4.4482755,0.2341348,42.3760952,0.4682696,0.7023173,87.7968935,10.5358322,10401.46319,30.2027944,240741.7031,48108.26914,0.7024044,3.980095,1
TCGA.CW.6097.01,2680.592432,14.88723408,0.827029591,109.1740905,0.827029591,2.481088772,85.19146321,12.40611331,8892.978219,63.68577869,95854.65127,35198.68422,0.827029591,5.789542286,1
TCGA.CZ.5456.01,2987.699802,3.678812,5.5183192,62.5403604,0.4598296,0.9197255,113.1260132,15.6354394,7624.425703,73.118849,81540.08557,30467.6871,0.4598296,6.437924,1
TCGA.BP.4968.01,1655.406085,4.8908461,1.3042544,136.6171503,3.2606007,0.9782161,183.5678229,31.9528836,9852.516836,43.3655903,286751.8148,50427.47591,2.6083886,6.8474113,1
TCGA.BP.4770.01,2422.93996,27.2500769,95.3732481,81.7483018,217.965417,3.9738963,3.9738468,16.463434,3007.131637,73.2331955,73400.11084,57642.90193,1.1355097,3.4061414,1
TCGA.CZ.5989.01,575.9254821,1.6819862,102.9843488,74.7233612,0.9611339,1.4416768,207.8321023,10.5717629,7786.114641,44.450508,206967.6887,39066.94162,1.4416505,3.3638968,1
TCGA.B0.5075.01,3901.32262,2.6967027,195.2127202,122.2599383,1.7978139,1.3484355,196.8715022,26.9678373,12203.42751,48.5424847,37855.75883,16986.05862,2.6968779,7.1914106,1
TCGA.BP.4992.01,1134.106125,6.8114154,1.9866281,145.3097737,0.2837818,1.4190742,201.5040688,16.1770449,14399.32301,43.7067664,147136.0637,49694.55635,5.6759776,4.8247161,1
TCGA.CZ.5467.01,1385.99473,10.65864712,0.37401714,77.97521086,0.1869836,1.30892218,71.05827981,12.34156946,12429.89175,83.58464295,219205.0096,47327.9085,0.56095079,2.43084986,1
TCGA.B8.5545.01,1705.158893,9.4393656,4.567556,211.3179285,0.9135425,3.3494248,100.7878351,16.747601,10885.71648,94.089977,155977.6624,25426.51108,0.6090055,3.0448887,1
TCGA.B0.4834.01,285.1378804,3.8756942,2.7684268,16.6107124,2.2147495,1.1073063,13.2885941,7.1977866,6346.225468,11.0734671,154660.8662,27831.27725,418.8283246,1.6609977,1
TCGA.CZ.5469.01,2489.430013,73.7880372,0.2526644,42.2021538,3.5379852,1.2634487,131.6572887,14.6566111,4157.465088,73.0295975,61548.36042,47408.79698,1.5162346,4.0432289,1
TCGA.CZ.5452.01,1149.692507,17.7994078,0.8090845,129.8547997,1.2135517,3.2362475,300.1603536,11.3269836,9151.146273,62.7032745,67091.16634,26807.73656,0.4045422,6.8767473,1
TCGA.CJ.5689.01,1466.613303,7.0631221,4.5405924,232.0749239,1.5135478,1.5135478,82.2366974,21.693847,7736.011806,48.9377792,172236.5441,34049.46958,0.5045166,2.5225316,1
TCGA.CZ.5451.01,500.0499375,7.4635073,1.0661761,42.1156393,1.0661761,2.665522,147.9396327,15.9935784,9850.402055,42.382178,293346.9201,46946.87164,1.0661858,3.9981701,1
TCGA.B0.5085.01,919.3540885,4.6299502,1.9842199,80.6906703,0.3307135,1.65357,159.4018156,18.8506019,15311.99036,47.2910052,201020.9866,33335.39788,5.622005,6.2835784,1
TCGA.EU.5904.01,1001.886064,12.654339,3.1081396,180.487221,1.7760751,2.4418645,119.4381112,19.0921491,17689.99639,51.0605915,226627.9131,40288.54246,0.2219625,6.4378387,1
TCGA.CJ.4889.01,1648.891186,10.7723596,3.9497063,238.0682423,1.4363376,6.1041092,107.363162,17.9543959,11997.88103,55.6586597,263516.0361,25231.64895,0.3590514,1.7953652,1
TCGA.BP.4789.01,953.2626365,5.0985552,2.631557,83.8763132,0.4933993,1.3157784,67.1007019,18.4203204,15930.42239,30.4262007,389011.9831,28273.49552,0.3289828,3.2892561,1
TCGA.B8.4153.01,558.0401853,5.5109039,0.2396218,57.9852711,0.2396218,2.1565829,138.0144759,25.638626,15090.11196,23.7218798,186339.6093,48352.74843,4.5526917,3.8337656,1
TCGA.CJ.6030.01,1641.57731,7.4380659,2.2314366,267.3999446,2.2314366,1.487572,241.3612371,18.9676458,9734.287225,87.396353,109841.39,26435.82779,0.3719235,3.3472408,1
TCGA.B0.4816.01,1105.706737,4.9649894,2.9790828,272.3239597,0.496488,1.4894885,92.3497732,17.87348,9537.154755,52.3818873,180587.5039,33474.63901,0.248244,2.2341801,1
TCGA.B8.5551.01,4010.386022,16.8203241,4.0048172,278.3281872,1.6019622,2.002286,122.9474993,19.2224751,7335.044088,138.9640548,52280.04731,32961.25026,0.8009185,6.4074743,1
TCGA.DV.5566.01,4664.33337,12.7138663,2.7489393,187.2708464,2.061654,3.4361324,215.102769,21.9917074,14956.63825,40.2035251,153911.5518,68877.33822,1.3744695,9.621367,1
TCGA.EU.5906.01,1377.78578,3.6432119,1.324808,92.7349607,2.980846,0.9935243,90.7482431,17.8845073,16071.08384,48.3539013,204003.7071,47147.51272,2.6496827,2.9809148,1
TCGA.B8.4146.01,1297.42605,6.4513181,119.9766454,97.4875095,5.734423,1.4335477,174.9052357,20.7877196,13467.28966,37.9906869,155426.2367,49279.46415,1.4335477,10.0353152,1
TCGA.BP.5007.01,491.4102254,1.6481578,1.0987059,63.454683,1.9228251,1.3734736,152.4494272,4.1202925,26770.98581,47.7949468,223356.498,29151.74164,0.274649,9.0649015,1
TCGA.B0.5698.01,1975.607824,3.5091072,180.3004528,135.1001508,1.7545182,1.3158573,249.1473307,22.8094114,15235.68696,63.163505,155513.3927,40153.42914,3.9476853,1.7545778,1
TCGA.B0.5706.01,1670.155898,4.0176636,1.6071977,36.1594315,2.0088246,1.6071977,274.4141021,14.8655461,9213.226347,78.7496689,131916.6726,38926.3784,0.4018189,6.8301074,1
TCGA.BP.4173.01,877.9565103,1.7705185,5.5644997,146.0731454,1.8969663,0.379388,145.3129504,4.1735487,9436.128764,29.7208336,145750.5288,14368.99666,0.1264631,5.0587467,1
TCGA.BP.4987.01,622.3069371,2.410175,0.9640069,68.9304229,0.482056,0.482056,133.5190799,21.2086956,25835.50784,47.7198433,247637.7451,44890.58824,0.482056,1.4461282,1
TCGA.B0.5713.01,1495.775455,4.7895128,1.9158166,93.8766133,0.4789774,1.4368678,263.9083473,15.3265617,11112.60476,28.7376125,188515.4352,34328.67916,0.9579548,2.3947374,1
TCGA.B0.5703.01,548.016727,7.6233189,0.8470207,138.0615728,131.1369351,1.6940936,74.5356984,5.9292538,8604.868002,21.1748291,238568.3396,60857.88364,2.5411143,7.6228686,1
TCGA.BP.4973.01,711.0356314,4.2832519,1.2237583,96.9853054,1.2238137,1.2238428,105.5508229,19.5809762,13858.77094,41.9152854,271202.0711,43028.94622,0.3059503,3.6713949,1
TCGA.CJ.4899.01,1041.331843,11.4179726,3.4253759,84.4925611,1.1418188,1.1417647,105.6174857,19.4104586,9989.003212,49.6685233,201115.5536,44735.31311,1.1418188,3.4253759,1
TCGA.B0.5399.01,654.785994,5.423255,1.4462008,51.3404064,0.9038394,0.5422413,128.1728287,19.3430851,13847.148,54.5949813,207988.725,52009.10274,1.4462868,3.4348426,1
TCGA.CZ.5984.01,1944.932552,16.4385094,75.7684833,106.4154986,2.5955189,59.948764,275.1203473,14.7078582,9588.744343,57.1019603,104853.0688,38551.25127,4.3258405,3.4607924,1
TCGA.CZ.5453.01,882.1470799,1.0582425,2.1165916,39.6099831,2.1164584,1.5118029,146.4957056,14.0600809,14975.26974,23.1308763,286602.5618,40928.75024,9.22228,1.6630878,1
TCGA.B0.4815.01,6468.784185,24.7056084,0.6862284,87.8430175,161.6649165,1.3724569,370.5892107,28.1372966,8854.962766,124.9022454,91511.724,35962.78289,0.6862284,10.9804724,1
TCGA.B4.5378.01,642.4407351,6.8311623,0.31768,30.6606426,0.635464,2.0652012,350.7623478,9.0549443,6271.080091,49.2475939,382247.7191,32673.16446,0.9531463,1.1120012,1
TCGA.B0.5709.01,1069.577092,12.5623735,2.9161368,153.2139273,1.5703424,3.364753,80.9818774,8.7485223,13732.64878,50.6982008,206881.0605,48563.87245,1.1216294,6.0567089,1
TCGA.DV.5575.01,902.3317332,4.8694183,1.947721,165.5614449,0.9739904,0.9738331,153.3890352,4.3826569,11001.08991,55.5129646,231611.5636,59412.43355,0.9738331,8.2781072,1
TCGA.CZ.5985.01,1692.858996,0.9678126,0.9679588,61.4606583,1.9359176,0.9679588,172.7707266,14.0340911,8863.065205,35.3283252,106733.4584,27525.08244,3.2756804,7.7430946,1
TCGA.B8.5549.01,1393.289012,5.1854869,2.5927324,58.0752545,2.0742231,1.0371118,102.1538326,12.9632861,6606.075765,24.370808,215308.1158,40638.67379,24.4743021,2.0741765,1
TCGA.B0.5693.01,650.5854307,6.1702243,1.5426465,53.6042568,1.1569609,3.0852022,67.1015441,10.0268752,23723.32008,59.0031634,216982.7259,63465.49793,0.7712895,11.5691353,1
TCGA.B8.5546.01,150.0690198,2.0189517,440.245838,18.8430256,1.3459132,0.6729566,63.9337722,11.4405786,15871.10407,6.0569435,145293.8132,54878.89504,15.4784451,3.364753,1
TCGA.B0.5690.01,640.0282595,2.0671717,0.4134296,85.5844484,1.2403325,1.2403125,71.5278654,19.4318068,10613.49775,16.9517598,351066.4271,66101.64795,3.3076135,1.6538742,1
TCGA.CZ.5457.01,632.1391918,6.7997228,1.6413949,55.1016706,0.234477,3.0480923,70.3423423,10.3168908,10845.13818,20.1647322,314119.9336,27630.46953,0.4689541,6.3310005,1
TCGA.CJ.5684.01,1087.679359,0.9413939,1.8826586,47.5364104,2.8240398,3.7652262,95.0723241,15.0608938,13518.11298,37.1814041,238795.349,47621.86124,5.1769729,3.2945293,1
TCGA.B0.4852.01,1939.033065,5.7136967,2.6889238,74.9514435,1.0083351,1.3443695,170.4061748,22.1831647,10493.8791,88.0607388,172337.1782,41348.97391,2.3527046,5.7136197,1
TCGA.BP.4981.01,675.6874774,3.28739,1.9425947,95.6317438,0.747119,0.4482393,110.426941,5.5287809,17656.50683,66.9426832,190717.3326,23471.60224,1.1953035,2.5401243,1
TCGA.B0.4810.01,1274.03314,10.9905551,1.3549558,102.2302062,0.4516564,0.7527819,115.0276192,16.2601862,8916.950401,63.8377276,168014.7284,31719.99397,0.7527548,5.5708771,1
TCGA.CW.5581.01,1210.116741,2.6690686,0.3336684,44.7069498,1.3345003,3.002935,59.3875871,6.0055542,9501.8988,33.0300216,251384.5007,66050.6545,0.6673368,10.0089583,1
TCGA.B8.4621.01,3820.463054,5.1984579,49.1687682,290.8391839,0.8208348,1.3680508,374.2967727,12.8593698,4920.528496,72.777781,56139.30084,22764.74054,0.5471784,5.4721616,1
TCGA.BP.4970.01,743.5058748,2.3528963,2.5667363,122.5608861,1.0694274,0.6417108,303.3033729,12.833798,9578.900007,41.4952195,151831.82,35520.22752,27.6322272,3.2082767,1
TCGA.CW.6088.01,807.9113346,3.9894016,3.1493921,69.2862098,0.8398987,2.3097005,113.1661029,17.6365036,15837.51948,27.2948697,194592.213,35729.32272,0.2099941,2.7295661,1
TCGA.B2.5636.01,436.6609225,18.7159807,1.1789,36.2526888,0.4421193,1.031649,300.7771169,5.4525328,10829.09962,46.420111,308158.3859,61005.34753,0.5894649,5.4527985,1
TCGA.CJ.6027.01,2111.509481,4.29672435,1.71866803,82.50010416,0.85935211,1.71870421,372.11114,14.60933333,6380.774042,72.18622401,106445.8012,23429.72909,11.52719916,7.73434792,1
TCGA.B0.5695.01,891.2286036,2.2980814,5.2228006,37.8147078,0.6267494,7.5212171,118.0364734,12.5352272,17856.13691,49.3051386,232729.8018,66964.59214,0.4178085,7.1032823,1
TCGA.3Z.A93Z.01,464.6553611,19.90663898,9.09131773,110.8167297,0.94046625,0.3919424,256.1168432,15.28241929,13079.52373,38.24599028,207501.8299,29140.60617,1.72435685,4.07534439,1
TCGA.B2.5633.01,1507.343547,19.5658685,1.029721,82.6384627,1.5445439,1.5446453,159.1003647,9.2677646,9831.080916,77.4903728,199406.4496,81546.35598,98.5770004,6.1785537,1
TCGA.B0.5692.01,1557.447241,1.5418505,65.4746072,83.513274,1.7987843,5.3960602,163.171845,12.3345229,13769.82124,44.9685386,168785.0769,38918.36428,1.2847737,8.4794517,1
TCGA.B2.A4SR.01,356.8797106,7.1147298,0.8538185,77.4088855,1.9921714,1.4229359,219.1338295,16.7911149,23478.90605,37.5657835,275845.6926,37072.68566,0.8537487,1.7075923,1
TCGA.B0.4710.01,1307.493728,5.55148818,1.30615698,113.9638006,0.65312979,3.91877435,84.24818492,34.94173502,12673.57411,30.04163061,279734.8027,63644.00899,0.65312979,9.47025954,1
TCGA.B0.4698.01,3795.247635,0.6046689,3.6283326,1721.000988,6.954131,2.1165953,1.8142516,65.0083097,3895.980868,221.9366496,29114.46735,30492.5505,88.0939634,7.5591665,1
TCGA.BP.4761.01,3902.347495,6.3470574,0.5600584,54.6965464,1.8667258,0.7466614,349.2800175,17.9211968,6832.567912,93.3381609,35436.44706,15061.93325,1.1199705,3.173574,1
TCGA.B0.5088.01,1706.178651,16.9068773,0.8288034,130.2799164,2.6520948,1.9891477,176.1910754,43.2613931,13003.50827,50.8852269,286143.0294,33965.43268,9.2821769,2.9836007,1
TCGA.BP.4960.01,1320.206501,1.9081207,4.4520546,152.6427873,0.8480451,0.8480675,46.6421376,7.8443685,9992.885218,47.0660151,165718.4958,19843.30417,0.4240502,6.3602915,1
TCGA.DV.5569.01,1906.112187,4.8427529,1.8625482,155.7106899,2.6076761,3.3525593,132.6156187,25.7032043,11573.40184,48.0537948,190533.1686,46449.20836,1.49005,7.8227792,1
TCGA.B4.5843.01,1274.715744,14.5313079,4.0364249,59.7403371,1.6146678,1.6146678,206.2610447,21.7977258,13755.36446,61.7569824,121231.1428,41859.34777,20.1830827,11.3019795,1
TCGA.B0.5691.01,658.8459108,12.866506,4.1773003,103.2662166,0.8355235,2.0051677,156.7351313,10.1929525,17146.17843,36.9281062,256516.412,48179.56663,1.5038217,4.5117099,1
TCGA.BP.4340.01,385.034047,3.5299575,1.5689877,68.6400478,1.3074014,0.3922323,40.9236002,6.2758517,7824.934585,12.0283743,345912.5341,22723.69286,0.5229962,12.2897429,1
TCGA.CZ.5465.01,1331.570742,6.8971569,2.1553499,56.4713176,292.1473494,2.1554029,133.2013266,28.4502691,19534.5236,60.7824005,188315.4016,47180.16133,288.1857141,3.8796569,1
TCGA.CW.5583.01,649.886006,7.1610102,2.1483589,66.5990978,0.7160311,2.1481965,86.6505163,7.8772212,14662.6284,66.957586,367247.5458,59409.69295,0.7160311,7.1608592,1
TCGA.B0.4818.01,411.8368449,1.6598379,1.0373587,91.7046743,1.2449426,0.8299598,165.1488708,17.8433134,10765.73984,35.0625731,211546.1163,32445.027,1.0374404,2.6971733,1